{

        "1": {"bg":"./img/bg/1.jpg"},
        "2": {"bg":"./img/bg/2.jpg"},
        "3": {"bg":"./img/bg/3.jpg"},
        "4": {"bg":"./img/bg/4.jpg"},
        "5": {"bg":"./img/bg/5.jpg"},
        "6": {"bg":"./img/bg/6.jpg"},
        "7": {"bg":"./img/bg/7.jpg"},
        "8": {"bg":"./img/bg/8.jpg"},
        "9": {"bg":"./img/bg/9.jpg"},
        "10": {"bg":"./img/bg/10.jpg"},
        "11": {"bg":"./img/bg/11.jpg"},
        "12": {"bg":"./img/bg/12.jpg"},
        "13": {"bg":"./img/bg/13.jpg"},
        "14": {"bg":"./img/bg/14.jpg"},
        "15": {"bg":"./img/bg/15.jpg"},
        "16": {"bg":"./img/bg/16.jpg"},
        "17": {"bg":"./img/bg/17.jpg"},
        "18": {"bg":"./img/bg/18.jpg"},
        "19": {"bg":"./img/bg/19.jpg"},
        "20": {"bg":"./img/bg/20.jpg"},
        "21": {"bg":"./img/bg/21.jpg"},
        "22": {"bg":"./img/bg/22.jpg"},
        "23": {"bg":"./img/bg/23.jpg"},
        "24": {"bg":"./img/bg/24.jpg"},
        "25": {"bg":"./img/bg/25.jpg"},
        "26": {"bg":"./img/bg/26.jpg"},
        "27": {"bg":"./img/bg/27.jpg"},
        "28": {"bg":"./img/bg/28.jpg"},
        "29": {"bg":"./img/bg/29.jpg"},
        "30": {"bg":"./img/bg/30.jpg"},
        "31": {"bg":"./img/bg/31.jpg"},
        "32": {"bg":"./img/bg/32.jpg"},
        "33": {"bg":"./img/bg/33.jpg"},
        "34": {"bg":"./img/bg/34.jpg"},
        "35": {"bg":"./img/bg/35.jpg"},
        "36": {"bg":"./img/bg/36.jpg"},
        "37": {"bg":"./img/bg/37.jpg"},
        "38": {"bg":"./img/bg/38.jpg"},
        "39": {"bg":"./img/bg/39.jpg"},
        "40": {"bg":"./img/bg/40.jpg"},
        "41": {"bg":"./img/bg/41.jpg"},
        "42": {"bg":"./img/bg/42.jpg"},
        "43": {"bg":"./img/bg/43.jpg"},
        "44": {"bg":"./img/bg/44.jpg"},
        "45": {"bg":"./img/bg/45.jpg"},
        "46": {"bg":"./img/bg/46.jpg"},
        "47": {"bg":"./img/bg/47.jpg"},
        "48": {"bg":"./img/bg/48.jpg"}
}
